<?xml version="1.0" encoding="UTF-8"?>
<!DOCTYPE mapper PUBLIC "-//mybatis.org//DTD Mapper 3.0//EN" "http://mybatis.org/dtd/mybatis-3-mapper.dtd">
<mapper namespace="com.example.mapper.StoreMapper">
	
	<!-- 새로운 매장 코드 -->
	<select id="newCode" resultType="String">
		select concat('s', max((substr(s_code, 2)) + 1)) as new_code
		from tbl_store;
	</select>

	<!-- 매장 등록 -->
	<insert id="insert">
		insert into tbl_store(s_code, s_name, s_location, s_tel, s_rating,
				s_status, s_order, s_waiting, s_c_code, s_photo, s_admin, x, y)
		values(#{s_code}, #{s_name}, #{s_location}, #{s_tel}, #{s_rating},
				#{s_status}, #{s_order}, #{s_waiting}, #{s_c_code}, #{s_photo}, #{s_admin}, #{x}, #{y})
	</insert>
	
	<!-- 매장 리스트와 카테고리 명 -->
	<select id="list" resultType="com.example.domain.StoreVO">
		select s.*, c.c_type
		from tbl_store s, tbl_category c
		where s.s_c_code = c.c_code and ${column} like concat('%', #{query}, '%')
       	limit #{start}, #{num}
	</select>
	
	<!-- 카테고리별 매장 리스트 -->
	<select id="clist" resultType="com.example.domain.StoreVO">
		select *
		from tbl_store
		where s_c_code = #{s_c_code}
	</select>

	<!-- 특정 매장 정보 -->
	<select id="read" resultType="com.example.domain.StoreVO">
		select *
		from tbl_store
		where s_code = #{s_code}
	</select>
	
	<!-- 특정 점주의 매장 정보 -->
	<select id="storeread" resultType="com.example.domain.StoreVO">
 	 	select *
		from tbl_store
		where u_id = #{u_id}
 	 </select>
 	 
 	 <!-- 매장 검색 -->
 	 <select id="search" resultType="Hashmap">
		select s.*, m.m_name
		from tbl_store s, tbl_menu m
		where s.s_code = m.s_code and (s.s_name like concat('%', #{query}, '%') or m.m_name like concat('%', #{query}, '%'))
		group by s.s_code
	</select>
	
	<!-- 특정 매장 정보 수정 -->
	<update id="update">
		update tbl_store
		set s_name = #{s_name}, s_location = #{s_location}, s_admin = #{s_admin}, s_tel = #{s_tel}
		where s_code = #{s_code}
	</update>
	
	<!-- 매장 영업상태 변경 -->
	<update id="updateBtn">
 	 	update tbl_store
 	 	set s_status = not(s_status)
 	 	where s_code = #{s_code}
 	 </update>
 	 
 	 <!-- 매칭 대기자 수(게시글 수) -->
 	 <update id="update_waiting">
		update tbl_store
		set s_waiting = (
			select count(*)
			from tbl_post
			where s_code = #{s_code}
		)
		where s_code = #{s_code}
	</update>
	
	<!-- 매칭 대기수 업데이트 -->
	<update id="s_waiting">
		update tbl_store
		set s_waiting = (
			select s_waiting
			from (
				select s_waiting
				from tbl_store
				where s_code = #{s_code}
			) as s_waiting
		) + #{count}
		where s_code = #{s_code};
	</update>
	
	<!-- 특정 매장 삭제 -->
	<delete id="delete">
		delete from tbl_store
		where s_code = #{s_code}
	</delete>
	
	<select id="weblist" resultType="com.example.domain.StoreVO">
		select s.*, c.c_type
		from tbl_store s, tbl_category c
		where s.s_c_code = c.c_code and ${column} like concat('%', #{query}, '%')
		limit #{start}, #{num}
	</select>
	
	<select id="total" resultType="int">
 		select count(*)
		from tbl_store
		where ${column} like concat('%', #{query}, '%')
 	</select>
	
</mapper>